,matched,original
0,Not Matched,FPG1273
1,Not Matched,SW~1004~102
2,Not Matched,SW~1015~102
3,Not Matched,SW~1001~102
4,Not Matched,FPG1152
5,4B398~pale-blue-heavy-georgette,4B398~pale-blue-heavy-georgette~raise-front-neckline
6,Not Matched,FPG1286
7,FPG1042~1043~237~C205~MM,FPG1042~1043~237~C205~KN
8,fp2320~navy-metallic-woven-satin,fp2320~make-ankle-length~navy-metallic-woven-satin
9,FPG1001~1011~102~AK~B16~B3~C7~T15~T2~T30~WB1,FPG1001~1013~102~B22~C9~KN~T64~T85~T90~WB0
10,Not Matched,SW~1008~102
11,Not Matched,SW~1011~102
12,Not Matched,SW~1013~102
13,FPG1004~1005~102~B3~C1~MD~T67~T72~T86~WB1,FPG1004~1018~102~AK~B16~B5~C7~T22~T4~T92~WB1
14,Not Matched,FPG1279~1010~601~FM
15,FPG1005~1004~102~A7~B23~C2~MN~T0~T67~T73,FPG1005~1008~102~A9~AK~B10~C8~T71~T74~T90
16,Not Matched,SW~102~1020
17,FPG1001~1019~102~B3~C1~CM~T46~T67~T93~WB1,FPG1001~1004~102~AK~B1~C9~T26~T64~T90~WB0
18,FPG1001~1003~102~A5~B3~C9~FM~T64~T71~T90~WB0,FPG1001~1004~102~AK~B16~B5~C6~T31~T76~T90~WB1
19,FPG1001~1003~102~A5~B3~C9~FM~T64~T71~T90~WB0,FPG1001~1001~102~B5~C7~MD~T15~T26~T3~WB1
20,FPG1005~1013~102~A3~AK~B2~C2~T101~T13~T67,FPG1005~1006~102~A9~B14~B23~C8~CM~T23~T71~T74
21,fp2671~navy-heavy-georgette,fp2671~change-to-plunging-v-back-neckline~navy-heavy-georgette
22,fp2278~navy-matte-satin,fp2278~dusty-rose-matte-satin~lower-backline-to-a-plunging-scoops-back
23,fp2320~navy-metallic-woven-satin,fp2320~add-train~navy-metallic-woven-satin
24,FPG1006~1001~102~AK~B24~C7~T34~T4~T90~WB1,FPG1006~1004~102~A4~B24~C1~FP~T0~T12~T67~WB1
25,FPG1001~1014~102~AK~B22~C5~T00~T91~T94~WB1,FPG1001~1012~102~B3~C9~CM~T26~T64~T90~WB0
26,FPG1002~1009~102~B4~C1~FM~T100~T67~T86,FPG1002~1018~102~B16~B5~C10~MD~T0~T16~T79
27,FPG1001~1011~102~AK~B16~B3~C7~T15~T2~T30~WB1,FPG1001~1005~102~B5~C9~MD~T22~T64~T90~WB0
28,FPG1002~1009~102~B5~C10~KN~T0~T15~T79,FPG1002~1001~102~B4~C7~FM~T71~T76~T91
29,FPG1005~1004~102~A7~B23~C2~MN~T0~T67~T73,FPG1005~1015~102~A9~AK~B10~C8~T23~T32~T74
30,Not Matched,SW~1006~102
31,Not Matched,FPG1279
32,FPG1004~1001~102~AK~B5~C7~T43~T71~T97~WB1,FPG1004~1015~102~A4~B16~B3~C2~CM~T13~T23~T48~WB2
33,FPG1218~101~1050~C98~FM,FPG1218~101~1050~C98~CM
34,Not Matched,SW~1014~102
35,FPG1003~1010~102~B4~C1~CM~T0~T67~T86,FPG1003~1003~102~B28~C7~MN~T33~T4~T90
36,FPG1001~1003~102~A5~B3~C9~FM~T64~T71~T90~WB0,FPG1001~1004~102~AK~B16~B22~C6~T31~T76~T90~WB1
37,FPG1001~1003~102~A5~B3~C9~FM~T64~T71~T90~WB0,FPG1001~1005~102~B5~C1~MD~T0~T67~T93~WB2
38,FPG1001~1013~102~B3~C9~CM~T26~T64~T90~WB0,FPG1001~1001~102~AK~B5~C7~T71~T76~T91~WB1
39,FPG1001~1003~102~A5~B3~C9~FM~T64~T71~T90~WB0,FPG1001~1001~102~AK~B1~C7~T22~T76~T90~WB1
40,FPG1001~1014~102~AK~B22~C5~T00~T91~T94~WB1,FPG1001~1001~102~B3~C7~MD~T22~T76~T90~WB1
41,FPG1001~1003~102~A5~B3~C9~FM~T64~T71~T90~WB0,FPG1001~1001~102~B5~C1~MD~T0~T67~T86~WB1
42,FPG1001~1001~102~AK~B5~C6~T31~T76~T90~WB1,FPG1001~1004~102~A4~B16~B4~C7~FM~T15~T4~T71~WB2
43,FPG1002~1009~102~B5~C10~KN~T0~T15~T79,FPG1002~1013~102~B4~C7~FM~T22~T4~T90
44,FPG1001~1003~102~A5~B3~C9~FM~T64~T71~T90~WB0,FPG1001~1004~102~AK~B1~C7~T22~T6~T91~WB1
45,FPG1001~1014~102~AK~B22~C5~T00~T91~T94~WB1,FPG1001~1004~102~B3~C7~FM~T22~T76~T90~WB1
46,FPG1001~1003~102~B3~C9~KN~T64~T71~T90~WB0,FPG1001~1005~102~B16~B4~C1~FM~T0~T11~T15~WB1
47,FPG1001~1003~102~A5~B3~C9~FM~T64~T71~T90~WB0,FPG1001~1005~102~B5~C1~MD~T0~T67~T93~WB1
48,FPG1002~1009~102~B5~C10~KN~T0~T15~T79,FPG1002~1012~102~B4~C7~MN~T3~T33~T90
49,FPG1005~1002~102~A9~AK~B2~C8~T20~T71~T75,FPG1005~1015~102~A3~B12~B14~B23~C2~CM~T23~T48~T73
50,FPG1005~1019~102~A9~B23~C8~CM~T32~T74~T90,FPG1005~1004~102~A9~AK~B10~B14~C2~T0~T67~T73
51,FPG1004~1001~102~AK~B5~C7~T43~T71~T97~WB1,FPG1004~1010~102~B3~C1~MD~T67~T72~T86~WB1
52,FPG1001~1014~102~AK~B22~C5~T00~T91~T94~WB1,FPG1001~1001~102~A4~B4~C7~FM~T26~T58~T6~T90~WB2
53,FPG1001~1003~102~A5~B3~C9~FM~T64~T71~T90~WB0,FPG1001~1001~102~AK~B16~B5~C4~T0~T5~T95~WB1
54,FPG1001~1014~102~AK~B22~C5~T00~T91~T94~WB1,FPG1001~1015~102~B3~C9~FM~T64~T71~T90~WB0
55,FPG1001~1003~102~B3~C9~KN~T64~T71~T90~WB0,FPG1001~1001~102~A4~B16~B4~C7~FM~T15~T22~T4~WB1
56,FPG1002~1004~102~B4~C10~MN~T0~T67~T79,FPG1002~1012~102~B16~B5~C7~MD~T22~T4~T91
57,FPG1001~1014~102~AK~B22~C5~T00~T91~T94~WB1,FPG1001~1015~102~B16~B3~C6~FM~T0~T76~T90~WB1
58,FPG1004~1005~102~B3~C1~MD~T67~T72~T86~WB1,FPG1004~1012~102~B3~C7~FM~T22~T43~T97~WB1
59,FPG1001~1019~102~B3~C1~CM~T46~T67~T93~WB1,FPG1001~102~1020~AK~B16~B5~C6~T0~T60~T76~T90~WB2
60,FPG1002~1004~102~B4~C10~MN~T0~T67~T79,FPG1002~1001~102~AK~B16~B5~C7~T26~T76~T90
61,FPG1002~1009~102~B5~C10~KN~T0~T15~T79,FPG1002~1004~102~AK~B4~C7~T26~T3~T91
62,FPG1002~1009~102~B5~C10~KN~T0~T15~T79,FPG1002~1012~102~A2~B16~B4~C7~CM~T34~T76~T90
63,FPG1002~1009~102~B5~C10~KN~T0~T15~T79,FPG1002~1012~102~A2~B4~C7~MN~T34~T76~T90
64,FPG1001~1014~102~AK~B22~C5~T00~T91~T94~WB1,FPG1001~1009~102~B3~C9~FM~T14~T22~T90~WB0
65,FPG1001~1014~102~AK~B22~C5~T00~T91~T94~WB1,FPG1001~1001~102~A2~B3~C9~FM~T14~T33~T90~WB0
66,FPG1001~1014~102~AK~B22~C5~T00~T91~T94~WB1,FPG1001~1006~102~A5~B16~B5~C9~MD~T14~T33~T90~WB0
67,FPG1002~1009~102~B5~C10~KN~T0~T15~T79,FPG1002~1013~102~B14~B16~B4~C7~FM~T26~T76~T91
68,FPG1001~1013~102~B3~C9~CM~T26~T64~T90~WB0,FPG1001~1001~102~AK~B1~B16~C7~T6~T71~T90~WB1
69,4B450~forest-green-light-georgette,4B450~blush-light-georgette
70,4B450~forest-green-light-georgette,4B450~close-split~navy-light-georgette
71,4B450~forest-green-light-georgette,4B450~close-split~navy-light-georgette~raise-front-neckline
72,4B568~ivory-matte-stretch-woven,"4B568~close-side-split,-add-back-vent~ivory-matte-stretch-woven"
73,FPG1001~1014~102~AK~B22~C5~T00~T91~T94~WB1,FPG1001~1001~102~A2~B3~C7~FM~T33~T76~T90~WB1
74,FPG1004~1001~102~AK~B5~C7~T43~T71~T97~WB1,FPG1004~1012~102~A4~B16~B3~C2~CM~T13~T23~T48~WB2
75,FPG1004~1002~102~B3~C7~FM~T43~T71~T97~WB1,FPG1004~1006~102~AK~B5~C6~T51~T76~T90~WB1
76,FPG1004~1005~102~B3~C1~MD~T67~T72~T86~WB1,FPG1004~1012~102~B4~C7~MN~T33~T89~T90~WB1
77,FPG1004~1001~102~AK~B5~C7~T43~T71~T97~WB1,FPG1004~1006~102~A4~B16~B3~C6~FM~T0~T2~T90~WB1
78,FPG1003~1004~102~B28~C7~CM~T4~T71~T90,FPG1003~1001~102~B28~C1~CM~T0~T67~T86
79,FPG1003~1015~102~B4~C1~MN~T0~T17~T86,FPG1003~1001~102~B28~C7~CM~T4~T71~T90
80,FPG1003~1015~102~B4~C1~MN~T0~T17~T86,FPG1003~1002~102~B28~C7~CM~T18~T33~T4
81,FPG1003~1010~102~B4~C1~CM~T0~T67~T86,FPG1003~1003~102~AK~B28~C7~T6~T71~T90
82,FPG1003~1015~102~B28~C1~FM~T0~T17~T86,FPG1003~1004~102~AK~B4~C7~T26~T6~T91
83,FPG1003~1015~102~B4~C1~MN~T0~T17~T86,FPG1003~1004~102~B25~B28~C7~CM~T18~T4~T71
84,FPG1003~1004~102~B28~C7~CM~T4~T71~T90,FPG1003~1010~102~B25~B4~C1~CM~T18~T25~T86
85,FPG1003~1010~102~B4~C1~CM~T0~T67~T86,FPG1003~1012~102~AK~B25~B28~C7~T22~T6~T92
86,FPG1002~1009~102~B5~C10~KN~T0~T15~T79,FPG1002~1015~102~B16~B4~C7~FM~T26~T76~T91
87,FPG1003~1010~102~B4~C1~CM~T0~T67~T86,FPG1003~1012~102~B28~C7~MN~T18~T4~T71
88,FPG1003~1004~102~B28~C7~CM~T4~T71~T90,FPG1003~1015~102~B28~C1~KN~T17~T45~T86
89,FPG1004~1005~102~B3~C1~MD~T67~T72~T86~WB1,FPG1004~1001~102~B5~C7~MN~T22~T89~T90~WB1
90,FPG1004~1005~102~B3~C1~MD~T67~T72~T86~WB1,FPG1004~1004~102~A4~B16~B4~C7~CM~T71~T89~T90~WB1
91,FPG1004~1001~102~AK~B5~C7~T43~T71~T97~WB1,FPG1004~1004~102~AK~B16~B3~C2~T101~T23~T73~WB2
92,FPG1004~1002~102~B3~C7~FM~T43~T71~T97~WB1,FPG1004~1004~102~AK~B16~B5~C1~T101~T11~T67~WB1
93,FPG1004~1002~102~B3~C7~FM~T43~T71~T97~WB1,FPG1004~1004~102~AK~B16~B5~C2~T0~T23~T73~WB2
94,FPG1004~1001~102~AK~B5~C7~T43~T71~T97~WB1,FPG1004~1004~102~B16~B4~C2~CM~T101~T23~T73~WB1
95,FPG1002~1004~102~B4~C10~MN~T0~T67~T79,FPG1002~1018~102~B16~B5~C7~MD~T4~T85~T91
96,FPG1002~1004~102~B4~C10~MN~T0~T67~T79,FPG1002~1015~102~AK~B16~B5~C7~T15~T3~T85
97,FPG1004~1001~102~AK~B5~C7~T43~T71~T97~WB1,FPG1004~1013~102~B3~C1~MD~T67~T72~T86~WB1
98,FPG1005~1004~102~A7~B23~C2~MN~T0~T67~T73,FPG1005~1009~102~A9~B10~C8~CM~T20~T71~T75
99,FPG1004~1001~102~AK~B5~C7~T43~T71~T97~WB1,FPG1004~1017~102~A4~B16~B3~C2~CM~T13~T23~T48~WB2
100,FPG1005~1019~102~A9~B23~C8~CM~T32~T74~T90,FPG1005~1001~102~A7~B2~C2~FM~T23~T45~T73
101,FPG1005~1010~102~A9~B2~C2~FM~T48~T67~T73,FPG1005~1004~102~A3~B23~C8~CM~T23~T71~T74
102,FPG1005~1010~102~A9~B2~C2~FM~T48~T67~T73,FPG1005~1004~102~A9~AK~B10~B14~C8~T23~T71~T74
103,FPG1004~1005~102~B3~C1~MD~T67~T72~T86~WB1,FPG1004~1006~102~AK~B5~C7~T22~T4~T92~WB1
104,FPG1005~1013~102~A3~B23~C2~FM~T23~T73~T98,FPG1005~1004~102~A9~B10~B14~C8~CM~T20~T71~T75
105,FPG1005~1013~102~A3~AK~B2~C2~T101~T13~T67,FPG1005~1004~102~A9~B10~C8~FM~T20~T75~T85
106,FPG1005~1004~102~A7~B23~C2~MN~T0~T67~T73,FPG1005~1009~102~A9~B2~C8~FM~T32~T74~T90
107,FPG1003~1010~102~B4~C1~CM~T0~T67~T86,FPG1003~1009~102~B28~C7~MD~T22~T4~T90
108,FPG1005~1004~102~A7~B23~C2~MN~T0~T67~T73,FPG1005~1012~102~A9~B10~C8~KN~T71~T74~T90
109,FPG1005~1013~102~A3~AK~B2~C2~T101~T13~T67,FPG1005~1012~102~A9~B23~C8~CM~T20~T71~T75
110,FPG1005~1013~102~A3~AK~B2~C2~T101~T13~T67,FPG1005~1012~102~A9~B23~C8~CM~T20~T75~T85
111,FPG1005~1004~102~A7~B23~C2~MN~T0~T67~T73,FPG1005~1013~102~A9~B10~C8~CM~T20~T71~T75
112,FPG1005~1004~102~A7~B23~C2~MN~T0~T67~T73,FPG1005~1013~102~A9~B23~C8~FM~T20~T71~T75
113,FPG1004~1005~102~B3~C1~MD~T67~T72~T86~WB1,FPG1004~1006~102~AK~B5~C7~T22~T6~T90~WB1
114,FPG1001~1011~102~AK~B16~B3~C7~T15~T2~T30~WB1,FPG1001~1006~102~B22~C9~KN~T64~T85~T90~WB0
115,FPG1002~1009~102~B5~C10~KN~T0~T15~T79,FPG1002~1015~102~AK~B16~B4~C7~T26~T76~T91
116,FPG1001~1003~102~A5~B3~C9~FM~T64~T71~T90~WB0,FPG1001~1015~102~AK~B16~B5~C6~T3~T52~T90~WB1
117,Not Matched,FPG1290
118,FPG1001~1014~102~AK~B22~C5~T00~T91~T94~WB1,FPG1001~1015~102~A4~B3~C9~CM~T26~T64~T90~WB0
119,FPG1006~1001~102~AK~B24~C7~T34~T4~T90~WB1,FPG1006~1004~102~B6~C5~FP~T00~T44~T91~WB1
120,FPG1006~1001~102~A4~B6~C1~FP~T12~T67~T98~WB1,FPG1006~1019~102~AK~B24~C7~T30~T6~T91~WB1
121,FPG1006~1019~102~B24~C9~FP~T64~T71~T90~WB0,FPG1006~1001~102~AK~B6~C6~T0~T3~T90~WB1
122,FPG1006~1001~102~B24~C9~FP~T64~T71~T90~WB0,FPG1006~1019~102~A4~AK~B24~C7~T30~T6~T91~WB1
123,FPG1006~1001~102~B24~C9~FP~T64~T71~T90~WB0,FPG1006~1014~102~AK~B24~C5~T00~T44~T67~WB1
124,FPG1006~1001~102~A4~B6~C1~FP~T12~T67~T98~WB1,FPG1006~1004~102~B24~C7~FP~T34~T4~T90~WB1
125,Not Matched,FPG1162~1005~102~FM
126,FPG1006~1004~102~AK~B24~C5~T00~T44~T67~WB1,FPG1006~1013~102~B6~C7~FP~T22~T60~T76~T90~WB1
127,Not Matched,FPG1161~102~1039~B16~FM
128,FPG1019~1004~237~C49~AK,FPG1019~1004~106~AK~C49
129,4B141~red-heavy-georgette,"4B141~add-a-wide-back-panel,-change-to-wide-vertical-straps~change-to-only-one-split-at-front,-no-splits-at-back~close-back-and-side-cutouts~light-nude-matte-satin"
130,Not Matched,FPG1178~1001~238~MD
131,fp2278~dusty-rose-matte-satin,fp2278~add-side-splits~lower-backline-to-a-plunging-scoops-back~navy-matte-satin
132,Not Matched,SW~1016~102
133,Not Matched,SW~1018~102
134,Not Matched,SW~1019~102
135,c161024~burgundy-heavy-georgette,c161024~black-heavy-georgette~remove-bodice-ruffle
136,FPG1006~1001~102~B24~C9~FP~T64~T71~T90~WB0,FPG1006~1019~102~AK~B6~C7~T22~T3~T91~WB1
137,FPG1081~1003~219~C92~FM,FPG1081~1001~106~C92~MD
138,fp2236~dark-tan-matte-satin,fp2236~dark-tan-matte-satin~make-knee-length~raise-front-neckline
139,FPG1005~1002~102~A9~AK~B2~C8~T20~T71~T75,FPG1005~1015~102~A9~B23~C2~MD~T101~T23~T73
140,Not Matched,FPG1161~1013~102~B16~FM
141,Not Matched,FPG1161~1013~102~B16~CM
142,Not Matched,FPG1161
143,Not Matched,FPG1104
144,FPG1005~1004~102~A7~B23~C2~MN~T0~T67~T73,FPG1005~1019~102~A9~B10~B14~C8~FM~T23~T71~T74
145,FPG1005~1004~102~A7~B23~C2~MN~T0~T67~T73,FPG1005~1019~102~A9~B10~B14~C8~FM~T71~T74~T90
146,Not Matched,FPG1122~1001~237~KN
147,FPG1005~1013~102~A3~B23~C2~FM~T23~T73~T98,FPG1005~1015~102~A9~B10~C8~CM~T20~T71~T75
148,FPG1006~1001~102~AK~B24~C7~T34~T4~T90~WB1,FPG1006~1010~102~B24~C1~FP~T0~T12~T67~WB1
149,Not Matched,FPG1122~1001~237~AK
150,FPG1005~1004~102~A7~B23~C2~MN~T0~T67~T73,FPG1005~102~1020~A9~B10~B14~C8~CM~T23~T71~T74
151,Not Matched,FPG1113
152,Not Matched,FPG1104~1038~237~PT
153,FPG1006~1001~102~B24~C9~FP~T64~T71~T90~WB0,FPG1006~1011~102~A4~AK~B6~C5~T00~T44~T91~WB1
154,FPG1101~1003~102~C79~FP,FPG1101~1003~102~C80~FP
155,FPG1101~1003~102~C79~FP,FPG1101~1003~102~AK~C80
156,FPG1005~1013~102~A3~AK~B2~C2~T101~T13~T67,FPG1005~102~1020~A9~B23~C8~CM~T20~T75~T85
157,fp2006~champagne-heavy-georgette,fp2006~pale-blue-heavy-georgette~raise-front-&-back-neckline
158,fp2248~black-heavy-georgette,fp2248~navy-heavy-georgette~raise-front-neckline~remove-train
159,FPG1001~1011~102~AK~B16~B3~C7~T15~T2~T30~WB1,FPG1001~1014~102~A4~B22~C9~FM~T64~T85~T90~WB0
160,FPG1005~1002~102~A9~AK~B2~C8~T20~T71~T75,FPG1005~1010~102~A9~B10~B14~C2~CM~T0~T23~T73
161,Not Matched,FPG1284
162,Not Matched,FPG1284~107~1152~A4~AK
163,FPG1293~102~1112~CM,FPG1293~102~1112~A4~MD
164,Not Matched,FPG1304
165,Not Matched,FPG1304~1121~237~MD
166,Not Matched,SW~1002~102
167,FPG1005~1002~102~A9~AK~B2~C8~T20~T71~T75,FPG1005~1015~102~A9~B10~C2~CM~T0~T13~T67
168,FPG1005~1013~102~A3~AK~B2~C2~T101~T13~T67,FPG1005~1015~102~A7~B10~C8~FM~T23~T71~T74
169,Not Matched,FPG1283~107~1151~CM
170,FPG1001~1001~102~AK~B5~C6~T31~T76~T90~WB1,FPG1001~1015~102~A4~B3~C7~FM~T15~T4~T71~WB1
171,FPG1001~1014~102~AK~B22~C5~T00~T91~T94~WB1,FPG1001~1010~102~A4~B16~B3~C7~FM~T6~T71~T90~WB1
172,FPG1001~1019~102~B3~C1~CM~T46~T67~T93~WB1,FPG1001~1011~102~AK~B16~B5~C9~T64~T71~T90~WB0
173,FPG1001~1001~102~AK~B5~C6~T31~T76~T90~WB1,FPG1001~1012~102~B3~C1~MN~T0~T11~T15~WB1
174,FPG1001~1011~102~AK~B16~B3~C7~T15~T2~T30~WB1,FPG1001~1012~102~B4~C9~MN~T14~T85~T90~WB0
175,FPG1001~1019~102~B3~C1~CM~T46~T67~T93~WB1,FPG1001~1013~102~AK~B16~B4~C9~T22~T64~T90~WB0
176,FPG1001~1011~102~AK~B16~B3~C7~T15~T2~T30~WB1,FPG1001~1013~102~B22~C9~KN~T64~T71~T90~WB0
177,FPG1001~1014~102~AK~B22~C5~T00~T91~T94~WB1,FPG1001~1013~102~B3~C9~MN~T64~T71~T90~WB0
178,Not Matched,SW~1005~102
179,Not Matched,FPG1280~1001~601~FM
180,fp2278~dusty-rose-matte-satin,fp2278~lower-backline-to-a-plunging-scoops-back~navy-matte-satin
181,fp2683~alessandra-sky-floral-heavy-georgette,fp2683~pretty-pink-heavy-georgette~raise-front-neckline
182,Not Matched,SW~1009~102
183,fp2298~pretty-pink-heavy-georgette,fp2298~close-side-split-4-inches~pretty-pink-heavy-georgette
184,fp2670~lilac-light-georgette,fp2670~change-to-wider-straps-&-adjustable~full-length-lining-at-skirt~lilac-light-georgette
185,fp2671~navy-heavy-georgette,fp2671~change-to-full-skirt~navy-heavy-georgette
186,fp2683~alessandra-sky-floral-heavy-georgette,fp2683~close-back-cutout~pretty-pink-heavy-georgette~raise-front-neckline
187,fp2683~alessandra-sky-floral-heavy-georgette,fp2683~make-petti-length~pretty-pink-heavy-georgette~raise-front-neckline
188,fp2683~alessandra-sky-floral-heavy-georgette,fp2683~navy-light-silk-charmeuse~raise-front-neckline
189,Not Matched,SW~1010~102
190,Not Matched,FPG1273~1066~107~FM
191,Not Matched,SW~1007~102
192,Not Matched,FPG1216
193,Not Matched,FPG1281~1004~601~AK
194,FPG1239~102~1111~FM,FPG1239~1019~102~KN
195,Not Matched,FPG1241
196,Not Matched,FPG1241~101~1015~FM
197,FPG1262~101~1015~FM,FPG1262~101~1015~PT
198,Not Matched,FPG1272
199,fp2683~alessandra-sky-floral-heavy-georgette,fp2683~raise-front-neckline~rust-medium-silk-charmeuse
